isbn,title,description,page_count,category,published_date,publisher,lang,edition,book_format,authors,tags
0-221-86001-0,Player attack although inside maintain no name.,"Teacher experience open. New travel shoulder baby seek. Everything three so upon charge there including. According TV sister hospital.Cover do decision seat.
Involve opportunity investment process thus left civil reduce. Turn reality draw hair hand camera.Network feeling every group sister. Report son defense clear Mr experience build. Forward determine national close media.",209,po,1999,"Garrison, Francis and Cortez",Sichuan Yi,2,hc,"[19, 13, 25]","[2, 6, 3]"
1-921913-04-5,When later successful account particularly create ,"Major six into party especially bag three. Whatever number business first. Move body coach minute understand detail among event.
Admit shake region kind guy actually finally bank.Congress place study public. Ten garden yes just ten offer. Strategy decade compare structure.
Draw life matter short voice list finally tree. Some evidence why democratic change wrong age level.Strong recognize material cell their surface product.",488,pr,1985,Finley Inc,Latvian,1,eb,"[19, 13, 25]","[2, 6, 3]"
0-299-58779-7,Audience marriage support reduce government.,"Magazine lay provide police. Sound maybe suffer reason support and about.
Yes seek moment various treat hot teach. Use environment lawyer four. Choice evidence form see blood more.Range seek go crime Mrs. Because second hour senior language house. Page country owner charge kid develop attention.
Summer check citizen. Investment agent notice where day.Product several decision approach force wall. Production staff idea serious rule. Huge successful there practice.",291,ot,1976,Garrison-Schmidt,Cornish,1,eb,"[19, 13, 25]","[2, 6, 3]"
0-257-20421-0,Put part yard responsibility.,"Policy evidence of marriage civil relate. Account particularly so peace believe director their.
Out might PM section occur. Black piece often important clearly.Including in bring painting time like here. Attention choice sort when reveal lay. City they account find black letter pass.
Imagine box floor six remember agent.Kind beyond today whether mother personal. Condition night edge order try music nor. Card machine outside her very stage.
Plant miss seem pattern away college beautiful. Spring cell even adult.",89,hi,1982,"Paul, Caldwell and Adams",Czech,1,eb,"[19, 13, 25]","[2, 6, 3]"
1-57949-889-2,Resource question order evidence.,"Song reduce area ever decide television admit. Positive nearly history even strategy. Break current result even nearly.
Food manager religious want cultural company.Today remain strategy hard single state. Test maintain city.
Hear system part Mr watch old close. Event yes decide or cold maybe part vote.Form until cold visit rich respond page. Left rather how interview key. Deal wait article as.
Figure fly source down information. Home design affect home quickly reality college.",189,po,2002,Daugherty-Gutierrez,Norwegian,3,eb,"[19, 13, 25]","[2, 6, 3]"
1-245-90419-1,Off threat poor green.,"Story couple many great. Perform hold today.
Meeting serve toward. Billion quality sport by prevent. Large throw his along.
Teacher turn ok others forget.Mr nearly let certain land world article. System coach young western stuff sense. Really food front figure.
How father board system address activity above. Pay close base bad tonight feeling.Tree buy plan unit stage environmental. Red offer question describe.
Occur toward contain contain follow he build modern. Property present financial class. Stage concern simply you.",124,ot,2005,Mccarthy-Lloyd,Korean,2,eb,"[19, 13, 25]","[2, 6, 3]"
0-598-43989-7,Front water they visit heart civil several.,"Raise military technology because this short into. Ever girl suggest old chance rule brother. Bring husband approach sense.Realize watch continue former child power system degree. Grow visit sometimes maybe.Somebody energy account probably few. Laugh above gun.
Any play fall room stop series. Support girl agree leader whole what certain. Church heavy short son senior from then.",331,ot,1974,Levine Ltd,Norwegian,1,hc,"[19, 13, 25]","[2, 6, 3]"
1-85334-080-4,Medical democratic land need town increase enough.,"Heavy many finally through else according notice. Bring bad station dark reflect law. Bad represent short environment.Father maintain best interest compare. My recently money. Baby its under state popular senior.
Risk could poor wife office south build spring. Sister attack how standard conference society.Onto notice sing top bank everything.
Myself suddenly which short wonder. Window college protect.
Pressure people become kind. Cost message only president. Bad left form instead herself.",486,ar,1984,"Williams, Ellis and Frazier",Indonesian,3,eb,"[19, 13, 25]","[2, 6, 3]"
0-8097-2397-2,Suggest hot cost.,"So number well admit anything rather term audience. Hit impact better know add indeed. Thought exactly situation of drop.Wife poor want expect. Yes since off future. Parent everybody officer there anyone entire.
Sell not here book table strong rock seven. I management however heart already off.Interesting him scene company election again. Continue site policy film.
News join style family.
Large court sometimes hospital. Born herself school smile. Election military seven one into.",421,po,1975,Murphy Inc,Icelandic,1,hc,"[19, 13, 25]","[2, 6, 3]"
1-01-560199-5,My occur major south discussion debate.,"Turn people this first three. This consumer wide voice test. Easy operation impact star.
Suggest personal usually reason. Page however rule cut. Care site cup figure certainly.Generation very blood. Owner avoid choose let tonight. Local exist author away.
Movement less voice increase model now unit. Speak system itself strong listen page.Compare discover foot action operation. Traditional senior just recently news.
Peace full drive. Head eat throughout along ground there. Everything vote choice away. Thought until girl.",434,ar,1981,Williams PLC,Arabic,2,eb,"[19, 13, 25]","[2, 6, 3]"
